{"name":"af7168f7-e0a8-48fe-b7e9-4a824d31bd19","id":"/providers/Microsoft.Flow/flows/af7168f7-e0a8-48fe-b7e9-4a824d31bd19","type":"Microsoft.Flow/flows","properties":{"apiId":"/providers/Microsoft.PowerApps/apis/shared_logicflows","displayName":"SPS Demo -  Create contact from Business card reader and send 🍺 details","definition":{"metadata":{"workflowEntityId":null,"creator":{"id":"8f2d4318-73b0-4e48-9724-2eabff044448","type":"User","tenantId":"58788bc5-be66-4433-a05a-6aba99785c87"},"provisioningMethod":"FromDefinition","failureAlertSubscription":true,"clientLastModifiedTime":"2019-09-20T02:47:10.1337972Z"},"$schema":"https://schema.management.azure.com/providers/Microsoft.Logic/schemas/2016-06-01/workflowdefinition.json#","contentVersion":"1.0.0.0","parameters":{"$connections":{"defaultValue":{},"type":"Object"},"$authentication":{"defaultValue":{},"type":"SecureObject"}},"triggers":{"manual":{"type":"Request","kind":"PowerApp","inputs":{"schema":{"type":"object","properties":{"Createcontact_Givenname":{"type":"string","description":"The contact's given name","x-ms-powerflows-param-ispartial":false},"Createcontact_HomephonesItem":{"type":"string","x-ms-powerflows-param-ispartial":false},"Createcontact_Companyname":{"type":"string","description":"The name of the contact's company","x-ms-powerflows-param-ispartial":false},"Createcontact_Mobilephone":{"type":"string","description":"The contact's mobile phone number","x-ms-powerflows-param-ispartial":false},"Createcontact_JobTitle":{"type":"string","description":"The contact's job title","x-ms-powerflows-param-ispartial":false},"Createcontact_EmailaddressesName":{"type":"string","x-ms-powerflows-param-ispartial":false},"Createcontact_Street":{"type":"string","x-ms-powerflows-param-ispartial":false},"Createcontact_BusinessphonesItem":{"type":"string","x-ms-powerflows-param-ispartial":false},"Createcontact_Department":{"type":"string","description":"The contact's department","x-ms-powerflows-param-ispartial":false},"Compose_Inputs":{"type":"any","description":"Inputs.","x-ms-powerflows-param-ispartial":false},"Createcontact_Businesshomepage":{"type":"string","description":"The business home page of the contact","x-ms-powerflows-param-ispartial":false},"Sendanemail(V2)_Body":{"type":"string","format":"html","description":"Specify the body of the mail. This parameter is used as part of \"59D65878-7CDE-4A07-9304-3396F7422DB5\"","x-ms-powerflows-param-ispartial":true}},"required":["Createcontact_Givenname","Createcontact_HomephonesItem","Createcontact_Companyname","Createcontact_Mobilephone","Createcontact_JobTitle","Createcontact_EmailaddressesName","Createcontact_Street","Createcontact_BusinessphonesItem","Createcontact_Department","Compose_Inputs","Createcontact_Businesshomepage","Sendanemail(V2)_Body"]}}}},"actions":{"Get_my_profile_(V2)":{"runAfter":{"Compose":["Succeeded"]},"metadata":{"flowSystemMetadata":{"swaggerOperationId":"MyProfile_V2"}},"type":"ApiConnection","inputs":{"host":{"connection":{"name":"@json(decodeBase64(triggerOutputs().headers['X-MS-APIM-Tokens']))['$connections']['shared_office365users']['connectionId']"},"api":{"runtimeUrl":"https://unitedstates-002.azure-apim.net/apim/office365users"}},"method":"get","path":"/codeless/v1.0/me","authentication":{"type":"Raw","value":"@json(decodeBase64(triggerOutputs().headers['X-MS-APIM-Tokens']))['$ConnectionKey']"}}},"Compose":{"runAfter":{},"type":"Compose","inputs":"@triggerBody()['Compose_Inputs']"},"Send_an_email_to_myself_with_the_contact_card":{"runAfter":{"Create_contact":["Succeeded"]},"metadata":{"flowSystemMetadata":{"swaggerOperationId":"SendEmailV2"}},"type":"ApiConnection","inputs":{"host":{"connection":{"name":"@json(decodeBase64(triggerOutputs().headers['X-MS-APIM-Tokens']))['$connections']['shared_office365']['connectionId']"},"api":{"runtimeUrl":"https://unitedstates-002.azure-apim.net/apim/office365"}},"method":"post","body":{"To":"@{body('Get_my_profile_(V2)')?['mail']};","Subject":"New Contact created - @{body('Create_contact')?['GivenName']}","Body":"<p>A new contact has been created in Outlook Contacts.<br>\n<br>\nName - @{body('Create_contact')?['GivenName']}<br>\nCompany - @{body('Create_contact')?['CompanyName']}<br>\n<br>\nIf your phone is not synced with outlook contacts, you can also download the contact by opening the attached .vcf file.</p>","Attachments":[{"Name":"@{body('Create_contact')?['GivenName']}.vcf","ContentBytes":"@{base64(concat('BEGIN:VCARD','\n','VERSION:2.1','\n','N:',last(split(body('Create_contact')?['DisplayName'],' ')),';',first(split(body('Create_contact')?['DisplayName'],' ')),';','\n','FN:',body('Create_contact')?['GivenName'],'\n','ORG:',body('Create_contact')?['CompanyName'],'\n','TITLE:',body('Create_contact')?['JobTitle'],'\n','TEL;WORK;VOICE:',body('Create_contact')?['BusinessPhones'][0],'\n','TEL;CELL;VOICE:',body('Create_contact')?['MobilePhone1'],'\n','ADR;WORK;PREF:;;',triggerBody()['Createcontact_Street'],'\n','EMAIL:',triggerBody()['Createcontact_EmailaddressesName'],'\n','URL:',body('Create_contact')?['BusinessHomePage'],'\n','PHOTO;TYPE=JPEG;ENCODING=BASE64:','\n',replace(outputs('Compose'),'data:image/jpeg;base64,',''),'\n','\n','X-MS-OL-DESIGN;CHARSET=utf-8:<card xmlns=\"http://schemas.microsoft.com/office/outlook/12/electronicbusinesscards\" ver=\"1.0\" layout=\"left\" bgcolor=\"ffffff\"><img xmlns=\"\" align=\"tleft\" area=\"32\" use=\"photo\"/><fld xmlns=\"\" prop=\"name\" align=\"left\" dir=\"ltr\" style=\"b\" color=\"000000\" size=\"10\"/><fld xmlns=\"\" prop=\"org\" align=\"left\" dir=\"ltr\" color=\"000000\" size=\"8\"/><fld xmlns=\"\" prop=\"title\" align=\"left\" dir=\"ltr\" color=\"000000\" size=\"8\"/><fld xmlns=\"\" prop=\"blank\" size=\"8\"/><fld xmlns=\"\" prop=\"telwork\" align=\"left\" dir=\"ltr\" color=\"d48d2a\" size=\"8\"><label align=\"right\" color=\"626262\">Work</label></fld><fld xmlns=\"\" prop=\"telhome\" align=\"left\" dir=\"ltr\" color=\"d48d2a\" size=\"8\"><label align=\"right\" color=\"626262\">Home</label></fld><fld xmlns=\"\" prop=\"email\" align=\"left\" dir=\"ltr\" color=\"d48d2a\" size=\"8\"/><fld xmlns=\"\" prop=\"blank\" size=\"8\"/><fld xmlns=\"\" prop=\"blank\" size=\"8\"/><fld xmlns=\"\" prop=\"blank\" size=\"8\"/><fld xmlns=\"\" prop=\"blank\" size=\"8\"/><fld xmlns=\"\" prop=\"blank\" size=\"8\"/><fld xmlns=\"\" prop=\"blank\" size=\"8\"/><fld xmlns=\"\" prop=\"blank\" size=\"8\"/><fld xmlns=\"\" prop=\"blank\" size=\"8\"/><fld xmlns=\"\" prop=\"blank\" size=\"8\"/></card>\nREV:20080424T195243Z\nEND:VCARD'))}"}]},"path":"/v2/Mail","authentication":{"type":"Raw","value":"@json(decodeBase64(triggerOutputs().headers['X-MS-APIM-Tokens']))['$ConnectionKey']"}}},"Send_an_email_(V2)":{"runAfter":{"Get_user_photo_(V2)":["Succeeded"]},"metadata":{"flowSystemMetadata":{"swaggerOperationId":"SendEmailV2"}},"type":"ApiConnection","inputs":{"host":{"connection":{"name":"@json(decodeBase64(triggerOutputs().headers['X-MS-APIM-Tokens']))['$connections']['shared_office365']['connectionId']"},"api":{"runtimeUrl":"https://unitedstates-002.azure-apim.net/apim/office365"}},"method":"post","body":{"To":"@{triggerBody()['Createcontact_EmailaddressesName']};;;","Subject":"Thank you","Body":"<p>It was a pleasure to meet you and I look forward to connect with you again soon.<br>\n<br>\nPlease find below the details of the 🍺 you liked -<br>\n@{triggerBody()['Sendanemail(V2)_Body']}<br>\n<br>\nPlease find attached my contact card with this e-mail.&nbsp;<br>\n<br>\nThank You<br>\n@{body('Get_my_profile_(V2)')?['displayName']}<br>\n@{body('Get_my_profile_(V2)')?['jobTitle']}<br>\n@{body('Get_my_profile_(V2)')?['department']}<br>\n</p>","Attachments":[{"Name":"@{body('Get_my_profile_(V2)')?['displayName']}.vcf","ContentBytes":"@{base64(concat('BEGIN:VCARD','\n','VERSION:2.1','\n','N:',last(split(body('Get_my_profile_(V2)')?['displayName'],' ')),';',first(split(body('Get_my_profile_(V2)')?['displayName'],' ')),';','\n','FN:',body('Get_my_profile_(V2)')?['displayName'],'\n','ORG:',body('Get_my_profile_(V2)')?['companyName'],'\n','TITLE:',body('Get_my_profile_(V2)')?['jobTitle'],'\n','TEL;CELL;VOICE:',body('Get_my_profile_(V2)')?['mobilePhone'],'\n','ADR;WORK;PREF:;;',body('Get_my_profile_(V2)')?['streetAddress'],';',body('Get_my_profile_(V2)')?['city'],';',body('Get_my_profile_(V2)')?['state'],';',body('Get_my_profile_(V2)')?['postalCode'],';',body('Get_my_profile_(V2)')?['country'],'\n','EMAIL:',body('Get_my_profile_(V2)')?['mail'],'\n','URL:https://www.thatapiguy.tech','\n','\n','X-MS-OL-DESIGN;CHARSET=utf-8:<card xmlns=\"http://schemas.microsoft.com/office/outlook/12/electronicbusinesscards\" ver=\"1.0\" layout=\"left\" bgcolor=\"ffffff\"><img xmlns=\"\" align=\"tleft\" area=\"32\" use=\"photo\"/><fld xmlns=\"\" prop=\"name\" align=\"left\" dir=\"ltr\" style=\"b\" color=\"000000\" size=\"10\"/><fld xmlns=\"\" prop=\"org\" align=\"left\" dir=\"ltr\" color=\"000000\" size=\"8\"/><fld xmlns=\"\" prop=\"title\" align=\"left\" dir=\"ltr\" color=\"000000\" size=\"8\"/><fld xmlns=\"\" prop=\"blank\" size=\"8\"/><fld xmlns=\"\" prop=\"telwork\" align=\"left\" dir=\"ltr\" color=\"d48d2a\" size=\"8\"><label align=\"right\" color=\"626262\">Work</label></fld><fld xmlns=\"\" prop=\"telhome\" align=\"left\" dir=\"ltr\" color=\"d48d2a\" size=\"8\"><label align=\"right\" color=\"626262\">Home</label></fld><fld xmlns=\"\" prop=\"email\" align=\"left\" dir=\"ltr\" color=\"d48d2a\" size=\"8\"/><fld xmlns=\"\" prop=\"blank\" size=\"8\"/><fld xmlns=\"\" prop=\"blank\" size=\"8\"/><fld xmlns=\"\" prop=\"blank\" size=\"8\"/><fld xmlns=\"\" prop=\"blank\" size=\"8\"/><fld xmlns=\"\" prop=\"blank\" size=\"8\"/><fld xmlns=\"\" prop=\"blank\" size=\"8\"/><fld xmlns=\"\" prop=\"blank\" size=\"8\"/><fld xmlns=\"\" prop=\"blank\" size=\"8\"/><fld xmlns=\"\" prop=\"blank\" size=\"8\"/></card>','\n','REV:20080424T195243Z','\n','END:VCARD'))}"}]},"path":"/v2/Mail","authentication":{"type":"Raw","value":"@json(decodeBase64(triggerOutputs().headers['X-MS-APIM-Tokens']))['$ConnectionKey']"}}},"Get_user_photo_(V2)":{"runAfter":{"Send_an_email_to_myself_with_the_contact_card":["Succeeded"]},"metadata":{"flowSystemMetadata":{"swaggerOperationId":"UserPhoto_V2"}},"type":"ApiConnection","inputs":{"host":{"connection":{"name":"@json(decodeBase64(triggerOutputs().headers['X-MS-APIM-Tokens']))['$connections']['shared_office365users']['connectionId']"},"api":{"runtimeUrl":"https://unitedstates-002.azure-apim.net/apim/office365users"}},"method":"get","path":"/codeless/v1.0/users/@{encodeURIComponent(body('Get_my_profile_(V2)')?['mail'])}/photo/$value","authentication":{"type":"Raw","value":"@json(decodeBase64(triggerOutputs().headers['X-MS-APIM-Tokens']))['$ConnectionKey']"}}},"Get_contact_folders":{"runAfter":{"Get_my_profile_(V2)":["Succeeded"]},"metadata":{"flowSystemMetadata":{"swaggerOperationId":"ContactGetTables"}},"type":"ApiConnection","inputs":{"host":{"connection":{"name":"@json(decodeBase64(triggerOutputs().headers['X-MS-APIM-Tokens']))['$connections']['shared_office365']['connectionId']"},"api":{"runtimeUrl":"https://unitedstates-002.azure-apim.net/apim/office365"}},"method":"get","path":"/datasets/contacts/tables","authentication":{"type":"Raw","value":"@json(decodeBase64(triggerOutputs().headers['X-MS-APIM-Tokens']))['$ConnectionKey']"}}},"Create_contact":{"runAfter":{"Get_contact_folders":["Succeeded"]},"metadata":{"flowSystemMetadata":{"swaggerOperationId":"ContactPostItem"}},"type":"ApiConnection","inputs":{"host":{"connection":{"name":"@json(decodeBase64(triggerOutputs().headers['X-MS-APIM-Tokens']))['$connections']['shared_office365']['connectionId']"},"api":{"runtimeUrl":"https://unitedstates-002.azure-apim.net/apim/office365"}},"method":"post","body":{"GivenName":"@triggerBody()['Createcontact_Givenname']","HomePhones":["@triggerBody()['Createcontact_HomephonesItem']"],"EmailAddresses":[{"Name":"Office","Address":"@triggerBody()['Createcontact_EmailaddressesName']"}],"CompanyName":"@triggerBody()['Createcontact_Companyname']","BusinessPhones":["@triggerBody()['Createcontact_BusinessphonesItem']"],"MobilePhone1":"@triggerBody()['Createcontact_Mobilephone']","HomeAddress":{"Street":"@triggerBody()['Createcontact_Street']"},"JobTitle":"@triggerBody()['Createcontact_JobTitle']","Department":"@triggerBody()['Createcontact_Department']","BusinessHomePage":"@triggerBody()['Createcontact_Businesshomepage']"},"path":"/datasets/contacts/tables/@{encodeURIComponent(encodeURIComponent(body('Get_contact_folders')?['value'][0]['Name']))}/items","authentication":{"type":"Raw","value":"@json(decodeBase64(triggerOutputs().headers['X-MS-APIM-Tokens']))['$ConnectionKey']"}}}},"outputs":{},"description":"Create one or more actions to happen when a button or link in PowerApps is selected. To use this flow from a PowerApp, select the control you want to trigger the flow and go to the Action tab in the PowerApps ribbon and select Flows."},"connectionReferences":{"shared_office365users":{"connectionName":"shared-office365user-dfb5339f-aba7-45f0-91af-30c6271aae52","source":"Invoker","id":"/providers/Microsoft.PowerApps/apis/shared_office365users","tier":"NotSpecified"},"shared_office365":{"connectionName":"fc8e5ef79371491899ec86a84cc91e46","source":"Invoker","id":"/providers/Microsoft.PowerApps/apis/shared_office365","tier":"NotSpecified"}},"flowFailureAlertSubscribed":false}}