{"schemaVersion":"1.0","appDefinitionTemplate":{"id":"/providers/Microsoft.PowerApps/apps/","type":"Microsoft.PowerApps/apps","tags":{"minimumRequiredApiVersion":"2.2.0"},"properties":{"appVersion":"2019-09-21T15:07:00Z","lifeCycleId":"Published","createdByClientVersion":{"major":3,"minor":19092,"build":12,"revision":0,"majorRevision":0,"minorRevision":0},"minClientVersion":{"major":3,"minor":19092,"build":12,"revision":0,"majorRevision":0,"minorRevision":0},"backgroundColor":"rgba(0, 99, 177, 1)","backgroundImageUri":"/7133756882922792586/N9bd4999f-5fba-488a-b0f3-feb7059c2ae3-logoSmallFile","displayName":"SPS Pittsburgh AI Builder Demo","description":"","commitMessage":"","appUris":{"documentUri":{"value":"/7133756882922792586/Nb8df501c-4d04-4345-bcae-7887af466470-document.msapp","readonlyValue":"/7133756882922792586/Nb8df501c-4d04-4345-bcae-7887af466470-document.msapp"},"imageUris":[]},"createdTime":"0001-01-01T00:00:00Z","lastModifiedTime":"0001-01-01T00:00:00Z","sharedGroupsCount":0,"sharedUsersCount":0,"icons":{"smallIconUri":"/7133756882922792586/N647de2c1-7fea-4078-8728-e9d34282ddbf-small.png","mediumIconUri":"/7133756882922792586/N087dd5f4-44c8-4db5-8531-09a31749a32a-medium.png","largeIconUri":"/7133756882922792586/N940edc05-a841-4028-9948-a1ba384ffebd-large.png","wideIconUri":"/7133756882922792586/N3385ee8c-2dea-4e0e-85aa-fd3900925789-wide.png"},"connectionReferences":{"fe8e79bc-85a5-4458-a4b0-46acd3357027":{"id":"b93ff790-6264-4818-81fb-f298bfc82527","displayName":"Logic flows","iconUri":"https://resourcestackdeploy.blob.core.windows.net/scripts/13276078.png","dataSources":["CreateContactfromBusinesscardreader-2"],"dependencies":["520f52bc-aff4-4893-8a49-543366d5419e","5e2a5c42-a609-40d9-93af-240b2d6ef28d"],"dependents":[],"parameterHints":{"workflowName":{"value":"f278186f-e6c4-449c-8b79-ebe2deb5df68"},"520f52bc-aff4-4893-8a49-543366d5419e":{"value":"shared_office365"},"5e2a5c42-a609-40d9-93af-240b2d6ef28d":{"value":"shared_office365users"}},"isOnPremiseConnection":false,"bypassConsent":false,"dataSets":{},"apiTier":"Standard","isCustomApiConnection":false},"520f52bc-aff4-4893-8a49-543366d5419e":{"id":"bb9d8f58-4086-43de-b8de-df84aace32ba","displayName":"Office 365 Outlook","iconUri":"https://connectoricons-prod.azureedge.net/office365/icon_1.0.1254.1705.png","dataSources":["Office365"],"dependencies":[],"dependents":["fe8e79bc-85a5-4458-a4b0-46acd3357027","156fe193-47bb-4d80-b271-d9479cdf16b5"],"parameterHints":{},"isOnPremiseConnection":false,"bypassConsent":false,"dataSets":{},"apiTier":"Standard","isCustomApiConnection":false},"5e2a5c42-a609-40d9-93af-240b2d6ef28d":{"id":"76d3ea76-b818-4727-bef7-f28b63a0cfdb","displayName":"Office 365 Users","iconUri":"https://connectoricons-prod.azureedge.net/office365users/icon_1.0.1243.1662.png","dataSources":[],"dependencies":[],"dependents":["fe8e79bc-85a5-4458-a4b0-46acd3357027","156fe193-47bb-4d80-b271-d9479cdf16b5"],"parameterHints":{},"isOnPremiseConnection":false,"bypassConsent":false,"dataSets":{},"apiTier":"Standard","isCustomApiConnection":false},"cec6e82f-914e-4b52-bdef-e092d6699d9f":{"id":"012de667-e5a0-4a55-9d8d-9d4e7d43bcf3","displayName":"Common Data Service","iconUri":"https://connectoricons-prod.azureedge.net/commondataservice/icon_1.0.1247.1679.png","dataSources":["Pittsburgh Craft Beers"],"dependencies":[],"dependents":[],"parameterHints":{},"isOnPremiseConnection":false,"bypassConsent":false,"dataSets":{"default.cds":{"dataSources":{"Pittsburgh Craft Beers":{"tableName":"cr52a_pittsburghcraftbeers"}}}},"apiTier":"Premium","isCustomApiConnection":false},"156fe193-47bb-4d80-b271-d9479cdf16b5":{"id":"b93ff790-6264-4818-81fb-f298bfc82527","displayName":"Logic flows","iconUri":"https://resourcestackdeploy.blob.core.windows.net/scripts/13276078.png","dataSources":["SPSDemo-CreatecontactfromBusinesscardreaderandsend🍺details"],"dependencies":["5e2a5c42-a609-40d9-93af-240b2d6ef28d","520f52bc-aff4-4893-8a49-543366d5419e"],"dependents":[],"parameterHints":{"workflowName":{"value":"c0ba090e-8697-49c7-98e0-5ade0a9a8490"},"5e2a5c42-a609-40d9-93af-240b2d6ef28d":{"value":"shared_office365users"},"520f52bc-aff4-4893-8a49-543366d5419e":{"value":"shared_office365"}},"isOnPremiseConnection":false,"bypassConsent":false,"dataSets":{},"apiTier":"Standard","isCustomApiConnection":false}},"databaseReferences":{"default.cds":{"databaseDetails":{"referenceType":"Environmental","environmentName":"default.cds"},"dataSources":{"43b0dc67-68af-47ae-9a9c-9e69d396ba3e":{"entitySetName":"msdyn_aimodels","logicalName":"msdyn_aimodel"},"18333537-fdd1-4579-907c-955609c15d25":{"entitySetName":"msdyn_aiconfigurations","logicalName":"msdyn_aiconfiguration"},"39a6196f-02b0-4fc1-9715-78a41651bedd":{"entitySetName":"msdyn_aiodlabels","logicalName":"msdyn_aiodlabel"}}}},"almMode":"Environment"},"appComponents":[]}}